original_name,normalized_name,locality_symbol,match_method,source_rows
אבו ג'ווייעד (שבט,אבו ג ווייעד שבט,967,normalized_unique_name,2
אבו גוש,אבו גוש,472,normalized_unique_name,5
אבו סנאן,אבו סנאן,473,normalized_unique_name,9
אבו קורינאת (שבט),אבו קורינאת שבט,968,normalized_unique_name,3
אבו רובייעה (שבט),אבו רובייעה שבט,966,normalized_unique_name,4
אבו רוקייק (שבט),אבו רוקייק שבט,961,normalized_unique_name,5
אבטין,אבטין,652,normalized_unique_name,2
אבטליון,אבטליון,1275,normalized_unique_name,1
אביאל,אביאל,679,normalized_unique_name,1
אביבים,אביבים,1115,normalized_unique_name,1
אביגדור,אביגדור,819,normalized_unique_name,1
אביחיל,אביחיל,175,normalized_unique_name,1
אביטל,אביטל,2052,normalized_unique_name,1
אביעזר,אביעזר,1070,normalized_unique_name,1
אבירים,אבירים,1220,normalized_unique_name,1
אבן יהודה,אבן יהודה,182,normalized_unique_name,11
אבן מנחם,אבן מנחם,1081,normalized_unique_name,1
אבן ספיר,אבן ספיר,783,normalized_unique_name,1
אבן שמואל,אבן שמואל,400,normalized_unique_name,1
אבני איתן,אבני איתן,4011,normalized_unique_name,1
אבני חפץ,אבני חפץ,3793,normalized_unique_name,1
אבשלום,אבשלום,1311,normalized_unique_name,1
אדורה,אדורה,3759,normalized_unique_name,1
אדירים,אדירים,113,normalized_unique_name,1
אדמית,אדמית,1068,normalized_unique_name,1
אדרת,אדרת,1123,normalized_unique_name,1
אודים,אודים,446,normalized_unique_name,1
אודם,אודם,4010,normalized_unique_name,1
אוהד,אוהד,1046,normalized_unique_name,1
אום אל-פחם,אום אל-פחם,2710,normalized_unique_name,40
אום אל-קוטוף,אום אל-קוטוף,2024,normalized_unique_name,1
אום בטין,אום בטין,1358,normalized_unique_name,1
אומן,אומן,1108,normalized_unique_name,1
אומץ,אומץ,680,normalized_unique_name,1
אופקים,אופקים,31,normalized_unique_name,26
אור הגנוז,אור הגנוז,1294,normalized_unique_name,1
אור הנר,אור הנר,67,normalized_unique_name,1
אור יהודה,אור יהודה,2400,normalized_unique_name,38
אור עקיבא,אור עקיבא,1020,normalized_unique_name,21
אורה,אורה,780,normalized_unique_name,1
אורות,אורות,2012,normalized_unique_name,1
אורטל,אורטל,4013,normalized_unique_name,1
אורים,אורים,403,normalized_unique_name,1
אורנית,אורנית,3760,normalized_unique_name,6
אושה,אושה,278,normalized_unique_name,1
אזור,אזור,565,normalized_unique_name,13
אחווה,אחווה,1157,normalized_unique_name,1
אחוזם,אחוזם,821,normalized_unique_name,1
אחוזת ברק,אחוזת ברק,1330,normalized_unique_name,1
אחיהוד,אחיהוד,785,normalized_unique_name,1
אחיטוב,אחיטוב,850,normalized_unique_name,1
אחיסמך,אחיסמך,804,normalized_unique_name,1
אחיעזר,אחיעזר,797,normalized_unique_name,1
אטרש (שבט),אטרש שבט,965,normalized_unique_name,2
איבים,איבים,338,normalized_unique_name,1
אייל,אייל,716,normalized_unique_name,1
איילת השחר,איילת השחר,77,normalized_unique_name,2
אילון,אילון,294,normalized_unique_name,1
אילות,אילות,1126,normalized_unique_name,1
אילניה,אילניה,49,normalized_unique_name,1
אילת,אילת,2600,normalized_unique_name,71
איתמר,איתמר,3762,normalized_unique_name,1
איתן,איתן,37,normalized_unique_name,1
אכסאל,אכסאל,478,normalized_unique_name,9
אל-רום,אל-רום,4003,normalized_unique_name,1
אלומה,אלומה,1145,normalized_unique_name,1
אלומות,אלומות,330,normalized_unique_name,1
אלון הגליל,אלון הגליל,1182,normalized_unique_name,1
אלון מורה,אלון מורה,3579,normalized_unique_name,1
אלון שבות,אלון שבות,3604,normalized_unique_name,3
אלוני אבא,אלוני אבא,429,normalized_unique_name,1
אלוני הבשן,אלוני הבשן,4017,normalized_unique_name,1
אלוני יצחק,אלוני יצחק,868,normalized_unique_name,1
אלונים,אלונים,285,normalized_unique_name,1
אלי-עד,אלי-עד,4002,normalized_unique_name,1
אליכין,אליכין,41,normalized_unique_name,3
אליפלט,אליפלט,730,normalized_unique_name,1
אליקים,אליקים,682,normalized_unique_name,1
אלישיב,אלישיב,204,normalized_unique_name,1
אלישמע,אלישמע,841,normalized_unique_name,1
אלמגור,אלמגור,1125,normalized_unique_name,1
אלמוג,אלמוג,3556,normalized_unique_name,1
אלעד,אלעד,1309,normalized_unique_name,19
אלעזר,אלעזר,3618,normalized_unique_name,1
אלפי מנשה,אלפי מנשה,3750,normalized_unique_name,7
אלקוש,אלקוש,603,normalized_unique_name,1
אלקנה,אלקנה,3560,normalized_unique_name,3
אמונים,אמונים,772,normalized_unique_name,1
אמירים,אמירים,1064,normalized_unique_name,1
אמנון,אמנון,1253,normalized_unique_name,1
אמציה,אמציה,23,normalized_unique_name,1
אניעם,אניעם,4012,normalized_unique_name,1
אסד (שבט),אסד שבט,960,normalized_unique_name,1
אספר,אספר,3754,normalized_unique_name,1
אעבלין,אעבלין,529,normalized_unique_name,10
אעצם (שבט),אעצם שבט,963,normalized_unique_name,4
אפיק,אפיק,4301,normalized_unique_name,1
אפיקים,אפיקים,176,normalized_unique_name,2
אפק,אפק,313,normalized_unique_name,1
אפרתה,אפרתה,3650,normalized_unique_name,6
ארבל,ארבל,701,normalized_unique_name,1
ארגמן,ארגמן,3598,normalized_unique_name,1
ארז,ארז,714,normalized_unique_name,1
אריאל,אריאל,3570,normalized_unique_name,22
אשבול,אשבול,71,normalized_unique_name,1
אשדוד,אשדוד,70,normalized_unique_name,243
אשדות יעקב  (איחו,אשדות יעקב איחו,199,normalized_unique_name,1
אשדות יעקב  (מאוח,אשדות יעקב מאוח,188,normalized_unique_name,1
אשחר,אשחר,1188,normalized_unique_name,1
אשכולות,אשכולות,3722,normalized_unique_name,1
אשל הנשיא,אשל הנשיא,2021,normalized_unique_name,1
אשלים,אשלים,1152,normalized_unique_name,1
אשקלון,אשקלון,7100,normalized_unique_name,133
אשרת,אשרת,1256,normalized_unique_name,1
אשתאול,אשתאול,740,normalized_unique_name,1
באקה-ג'ת,באקה-ג ת,6000,normalized_unique_name,27
באר טוביה,באר טוביה,155,normalized_unique_name,1
באר יעקב,באר יעקב,2530,normalized_unique_name,8
באר שבע,באר שבע,9000,normalized_unique_name,242
בארות יצחק,בארות יצחק,450,normalized_unique_name,1
בארותיים,בארותיים,697,normalized_unique_name,1
בארי,בארי,399,normalized_unique_name,1
בוסתן הגליל,בוסתן הגליל,559,normalized_unique_name,1
בועיינה-נוג'ידאת,בועיינה-נוג ידאת,482,normalized_unique_name,6
בוקעאתא,בוקעאתא,4001,normalized_unique_name,1
בורגתה,בורגתה,698,normalized_unique_name,1
בחן,בחן,2043,normalized_unique_name,1
בטחה,בטחה,762,normalized_unique_name,1
ביצרון,ביצרון,234,normalized_unique_name,1
ביר אל-מכסור,ביר אל-מכסור,998,normalized_unique_name,6
ביריה,ביריה,368,normalized_unique_name,1
בית אורן,בית אורן,317,normalized_unique_name,1
בית אל,בית אל,3574,normalized_unique_name,5
בית אלעזרי,בית אלעזרי,562,normalized_unique_name,1
בית אלפא,בית אלפא,95,normalized_unique_name,1
בית אריה,בית אריה,3652,normalized_unique_name,4
בית ג'ן,בית ג ן,480,normalized_unique_name,8
בית גוברין,בית גוברין,619,normalized_unique_name,1
בית גמליאל,בית גמליאל,571,normalized_unique_name,1
בית דגן,בית דגן,466,normalized_unique_name,7
בית הגדי,בית הגדי,723,normalized_unique_name,1
בית הלוי,בית הלוי,373,normalized_unique_name,1
בית הלל,בית הלל,322,normalized_unique_name,1
בית העמק,בית העמק,572,normalized_unique_name,1
בית הערבה,בית הערבה,3645,normalized_unique_name,1
בית השיטה,בית השיטה,242,normalized_unique_name,2
בית זית,בית זית,710,normalized_unique_name,2
בית זרע,בית זרע,143,normalized_unique_name,1
בית חורון,בית חורון,3575,normalized_unique_name,1
בית חירות,בית חירות,877,normalized_unique_name,1
בית חלקיה,בית חלקיה,2033,normalized_unique_name,1
בית חנן,בית חנן,159,normalized_unique_name,1
בית חנניה,בית חנניה,800,normalized_unique_name,1
בית חשמונאי,בית חשמונאי,1050,normalized_unique_name,1
בית יהושע,בית יהושע,288,normalized_unique_name,1
בית יוסף,בית יוסף,265,normalized_unique_name,1
בית ינאי,בית ינאי,200,normalized_unique_name,1
בית יצחק-שער חפר,בית יצחק-שער חפר,326,normalized_unique_name,2
בית לחם הגלילית,בית לחם הגלילית,430,normalized_unique_name,1
בית מאיר,בית מאיר,751,normalized_unique_name,1
בית נחמיה,בית נחמיה,784,normalized_unique_name,1
בית ניר,בית ניר,16,normalized_unique_name,1
בית נקופה,בית נקופה,672,normalized_unique_name,1
בית עובד,בית עובד,202,normalized_unique_name,1
בית עוזיאל,בית עוזיאל,301,normalized_unique_name,1
בית עזרא,בית עזרא,756,normalized_unique_name,1
בית עריף,בית עריף,604,normalized_unique_name,1
בית קמה,בית קמה,598,normalized_unique_name,1
בית קשת,בית קשת,365,normalized_unique_name,1
בית רבן,בית רבן,848,normalized_unique_name,1
בית רימון,בית רימון,1162,normalized_unique_name,1
בית שאן,בית שאן,9200,normalized_unique_name,19
בית שמש,בית שמש,2610,normalized_unique_name,55
בית שערים,בית שערים,248,normalized_unique_name,1
בית שקמה,בית שקמה,747,normalized_unique_name,1
ביתן אהרן,ביתן אהרן,252,normalized_unique_name,1
ביתר עילית,ביתר עילית,3780,normalized_unique_name,16
בלפוריה,בלפוריה,94,normalized_unique_name,1
בן זכאי,בן זכאי,760,normalized_unique_name,1
בן עמי,בן עמי,712,normalized_unique_name,1
בן שמן (כפר נוער),בן שמן כפר נוער,1084,normalized_unique_name,1
בן שמן (מושב),בן שמן מושב,2013,normalized_unique_name,1
בני ברק,בני ברק,6100,normalized_unique_name,131
בני דרום,בני דרום,592,normalized_unique_name,1
בני דרור,בני דרור,386,normalized_unique_name,2
בני יהודה,בני יהודה,4015,normalized_unique_name,1
בני עטרות,בני עטרות,448,normalized_unique_name,1
"בני עי""ש",בני עי ש,1066,normalized_unique_name,10
בני ציון,בני ציון,418,normalized_unique_name,1
בני ראם,בני ראם,588,normalized_unique_name,1
בניה,בניה,685,normalized_unique_name,1
בנימינה-גבעת עדה,בנימינה-גבעת עדה,9800,normalized_unique_name,11
"בסמ""ה",בסמ ה,1326,normalized_unique_name,6
בסמת טבעון,בסמת טבעון,944,normalized_unique_name,6
בצרה,בצרה,389,normalized_unique_name,1
בצת,בצת,589,normalized_unique_name,1
בקוע,בקוע,864,normalized_unique_name,1
בקעות,בקעות,3612,normalized_unique_name,1
בר גיורא,בר גיורא,823,normalized_unique_name,1
בר יוחאי,בר יוחאי,1191,normalized_unique_name,1
ברור חיל,ברור חיל,428,normalized_unique_name,1
ברוש,ברוש,2060,normalized_unique_name,1
ברכה,ברכה,3710,normalized_unique_name,1
ברכיה,ברכיה,746,normalized_unique_name,1
ברעם,ברעם,667,normalized_unique_name,1
ברק,ברק,141,normalized_unique_name,1
ברקאי,ברקאי,617,normalized_unique_name,1
ברקן,ברקן,3654,normalized_unique_name,1
ברקת,ברקת,2038,normalized_unique_name,1
בת הדר,בת הדר,1323,normalized_unique_name,1
בת חפר,בת חפר,1319,normalized_unique_name,4
בת ים,בת ים,6200,normalized_unique_name,193
בת עין,בת עין,3794,normalized_unique_name,1
בת שלמה,בת שלמה,33,normalized_unique_name,1
ג'דיידה-מכר,ג דיידה-מכר,1292,normalized_unique_name,13
ג'ולס,ג ולס,485,normalized_unique_name,5
ג'לג'וליה,ג לג וליה,627,normalized_unique_name,5
ג'נאביב (שבט),ג נאביב שבט,976,normalized_unique_name,1
ג'סר א-זרקא,ג סר א-זרקא,541,normalized_unique_name,8
ג'ש (גוש חלב),ג ש גוש חלב,487,normalized_unique_name,3
גאולי תימן,גאולי תימן,872,normalized_unique_name,1
גאולים,גאולים,379,normalized_unique_name,1
גאליה,גאליה,853,normalized_unique_name,1
גבולות,גבולות,352,normalized_unique_name,1
גבים,גבים,424,normalized_unique_name,1
גבע,גבע,86,normalized_unique_name,1
גבע בנימין,גבע בנימין,3763,normalized_unique_name,2
גבע כרמל,גבע כרמל,683,normalized_unique_name,1
גבעולים,גבעולים,2014,normalized_unique_name,1
גבעון החדשה,גבעון החדשה,3644,normalized_unique_name,1
גבעת אבני,גבעת אבני,1293,normalized_unique_name,2
גבעת אלה,גבעת אלה,1288,normalized_unique_name,2
גבעת ברנר,גבעת ברנר,147,normalized_unique_name,2
גבעת השלושה,גבעת השלושה,870,normalized_unique_name,1
גבעת זאב,גבעת זאב,3730,normalized_unique_name,12
"גבעת ח""ן",גבעת ח ן,207,normalized_unique_name,1
גבעת חיים (איחוד),גבעת חיים איחוד,2018,normalized_unique_name,1
גבעת חיים (מאוחד),גבעת חיים מאוחד,173,normalized_unique_name,1
גבעת יואב,גבעת יואב,4021,normalized_unique_name,1
גבעת יערים,גבעת יערים,787,normalized_unique_name,1
גבעת ישעיהו,גבעת ישעיהו,919,normalized_unique_name,1
"גבעת כ""ח",גבעת כ ח,802,normalized_unique_name,1
"גבעת ניל""י",גבעת ניל י,360,normalized_unique_name,1
גבעת עוז,גבעת עוז,703,normalized_unique_name,1
גבעת שמואל,גבעת שמואל,681,normalized_unique_name,19
גבעת שפירא,גבעת שפירא,1077,normalized_unique_name,1
גבעתי,גבעתי,793,normalized_unique_name,1
גבעתיים,גבעתיים,6300,normalized_unique_name,68
גברעם,גברעם,342,normalized_unique_name,1
גבת,גבת,133,normalized_unique_name,1
גדות,גדות,35,normalized_unique_name,1
גדיש,גדיש,145,normalized_unique_name,1
גדעונה,גדעונה,442,normalized_unique_name,1
גדרה,גדרה,2550,normalized_unique_name,16
גונן,גונן,852,normalized_unique_name,1
גורן,גורן,755,normalized_unique_name,1
גורנות הגליל,גורנות הגליל,1219,normalized_unique_name,1
גזית,גזית,457,normalized_unique_name,1
גזר,גזר,370,normalized_unique_name,1
גיאה,גיאה,706,normalized_unique_name,1
גיבתון,גיבתון,196,normalized_unique_name,1
גיזו,גיזו,1043,normalized_unique_name,1
גילון,גילון,1204,normalized_unique_name,1
גילת,גילת,736,normalized_unique_name,1
גינוסר,גינוסר,262,normalized_unique_name,1
גיניגר,גיניגר,92,normalized_unique_name,1
גינתון,גינתון,863,normalized_unique_name,1
גיתה,גיתה,1206,normalized_unique_name,1
גיתית,גיתית,3613,normalized_unique_name,1
גלאון,גלאון,393,normalized_unique_name,1
גלגל,גלגל,3606,normalized_unique_name,1
גליל ים,גליל ים,346,normalized_unique_name,1
גלעד (אבן יצחק),גלעד אבן יצחק,369,normalized_unique_name,1
גמזו,גמזו,745,normalized_unique_name,1
גן הדרום,גן הדרום,1072,normalized_unique_name,1
גן השומרון,גן השומרון,225,normalized_unique_name,1
גן חיים,גן חיים,239,normalized_unique_name,1
גן יאשיה,גן יאשיה,734,normalized_unique_name,1
גן יבנה,גן יבנה,166,normalized_unique_name,12
גן נר,גן נר,1274,normalized_unique_name,2
גן שורק,גן שורק,311,normalized_unique_name,1
גן שלמה,גן שלמה,144,normalized_unique_name,1
גן שמואל,גן שמואל,72,normalized_unique_name,2
גנות,גנות,836,normalized_unique_name,1
גנות הדר,גנות הדר,549,normalized_unique_name,1
גני הדר,גני הדר,1103,normalized_unique_name,1
גני יוחנן,גני יוחנן,862,normalized_unique_name,1
גני עם,גני עם,218,normalized_unique_name,1
גני תקווה,גני תקווה,229,normalized_unique_name,15
געש,געש,842,normalized_unique_name,1
געתון,געתון,463,normalized_unique_name,1
גפן,גפן,39,normalized_unique_name,1
גרופית,גרופית,1129,normalized_unique_name,1
גשור,גשור,4022,normalized_unique_name,1
גשר,גשר,305,normalized_unique_name,1
גשר הזיו,גשר הזיו,574,normalized_unique_name,1
גת (קיבוץ),גת קיבוץ,340,normalized_unique_name,1
גת רימון,גת רימון,128,normalized_unique_name,1
דבורה,דבורה,146,normalized_unique_name,1
דבוריה,דבוריה,489,normalized_unique_name,6
דבירה,דבירה,849,normalized_unique_name,1
דברת,דברת,407,normalized_unique_name,1
דגניה א',דגניה א,62,normalized_unique_name,1
דגניה ב',דגניה ב,79,normalized_unique_name,1
"דוב""ב",דוב ב,1067,normalized_unique_name,1
דולב,דולב,3747,normalized_unique_name,1
דור,דור,738,normalized_unique_name,1
דורות,דורות,336,normalized_unique_name,1
דחי,דחי,475,normalized_unique_name,1
דייר חנא,דייר חנא,492,normalized_unique_name,7
דימונה,דימונה,2200,normalized_unique_name,44
דישון,דישון,2063,normalized_unique_name,1
דליה,דליה,300,normalized_unique_name,1
דלתון,דלתון,431,normalized_unique_name,1
דמיידה,דמיידה,1317,normalized_unique_name,1
דן,דן,303,normalized_unique_name,1
דפנה,דפנה,302,normalized_unique_name,1
דקל,דקל,1241,normalized_unique_name,1
דריג'את,דריג את,1349,normalized_unique_name,1
האון,האון,702,normalized_unique_name,1
הבונים,הבונים,675,normalized_unique_name,1
הגושרים,הגושרים,356,normalized_unique_name,1
הדר עם,הדר עם,191,normalized_unique_name,1
הוד השרון,הוד השרון,9700,normalized_unique_name,49
הודיה,הודיה,726,normalized_unique_name,1
הוואשלה (שבט),הוואשלה שבט,1169,normalized_unique_name,2
הוזייל (שבט),הוזייל שבט,956,normalized_unique_name,2
הושעיה,הושעיה,1186,normalized_unique_name,1
הזורע,הזורע,250,normalized_unique_name,1
הזורעים,הזורעים,307,normalized_unique_name,1
החותרים,החותרים,434,normalized_unique_name,1
היוגב,היוגב,684,normalized_unique_name,1
הילה,הילה,1208,normalized_unique_name,1
המעפיל,המעפיל,377,normalized_unique_name,1
הסוללים,הסוללים,677,normalized_unique_name,1
העוגן,העוגן,423,normalized_unique_name,1
הר אדר,הר אדר,3769,normalized_unique_name,3
הר גילה,הר גילה,3603,normalized_unique_name,1
הראל,הראל,464,normalized_unique_name,1
הרדוף,הרדוף,1249,normalized_unique_name,1
הרצליה,הרצליה,6400,normalized_unique_name,112
הררית,הררית,1203,normalized_unique_name,1
ורד יריחו,ורד יריחו,3639,normalized_unique_name,1
ורדון,ורדון,1133,normalized_unique_name,1
זבדיאל,זבדיאל,815,normalized_unique_name,1
זוהר,זוהר,44,normalized_unique_name,1
זיקים,זיקים,584,normalized_unique_name,1
זיתן,זיתן,788,normalized_unique_name,1
זכרון יעקב,זכרון יעקב,9300,normalized_unique_name,17
זכריה,זכריה,799,normalized_unique_name,1
זמר,זמר,1290,normalized_unique_name,5
זמרת,זמרת,1065,normalized_unique_name,1
זנוח,זנוח,816,normalized_unique_name,1
זרועה,זרועה,2064,normalized_unique_name,1
זרזיר,זרזיר,975,normalized_unique_name,6
זרחיה,זרחיה,818,normalized_unique_name,1
ח'ואלד,ח ואלד,1321,normalized_unique_name,1
ח'ואלד (שבט),ח ואלד שבט,986,normalized_unique_name,1
חבצלת השרון,חבצלת השרון,235,normalized_unique_name,1
חבר,חבר,1110,normalized_unique_name,1
חברון,חברון,3400,normalized_unique_name,1
חגור,חגור,717,normalized_unique_name,1
חגי,חגי,3764,normalized_unique_name,1
חגלה,חגלה,205,normalized_unique_name,1
חד-נס,חד-נס,4026,normalized_unique_name,1
חדיד,חדיד,618,normalized_unique_name,1
חדרה,חדרה,6500,normalized_unique_name,95
חולדה,חולדה,160,normalized_unique_name,1
חולון,חולון,6600,normalized_unique_name,224
חולתה,חולתה,253,normalized_unique_name,1
חוסן,חוסן,662,normalized_unique_name,1
חוסנייה,חוסנייה,1332,normalized_unique_name,1
חופית,חופית,115,normalized_unique_name,1
חוקוק,חוקוק,374,normalized_unique_name,1
חורה,חורה,1303,normalized_unique_name,6
חורפיש,חורפיש,496,normalized_unique_name,5
חורשים,חורשים,355,normalized_unique_name,1
חזון,חזון,1047,normalized_unique_name,1
חיבת ציון,חיבת ציון,219,normalized_unique_name,1
חיננית,חיננית,3643,normalized_unique_name,1
חיפה,חיפה,4000,normalized_unique_name,375
חירות,חירות,162,normalized_unique_name,1
חלוץ,חלוץ,1272,normalized_unique_name,1
חלמיש,חלמיש,3573,normalized_unique_name,1
חלץ,חלץ,820,normalized_unique_name,1
חמאם,חמאם,993,normalized_unique_name,1
חמד,חמד,801,normalized_unique_name,1
חמדיה,חמדיה,343,normalized_unique_name,1
חמרה,חמרה,3609,normalized_unique_name,1
חניאל,חניאל,807,normalized_unique_name,1
חניתה,חניתה,280,normalized_unique_name,1
חספין,חספין,4005,normalized_unique_name,1
חפץ חיים,חפץ חיים,363,normalized_unique_name,1
חפצי-בה,חפצי-בה,90,normalized_unique_name,1
חצב,חצב,700,normalized_unique_name,1
חצבה,חצבה,13,normalized_unique_name,1
חצור הגלילית,חצור הגלילית,2034,normalized_unique_name,9
חצור-אשדוד,חצור-אשדוד,406,normalized_unique_name,1
חצרים,חצרים,397,normalized_unique_name,1
חרב לאת,חרב לאת,422,normalized_unique_name,1
חרוצים,חרוצים,1024,normalized_unique_name,1
חרמש,חרמש,3717,normalized_unique_name,1
חרשים,חרשים,1209,normalized_unique_name,1
חשמונאים,חשמונאים,3770,normalized_unique_name,2
טבריה,טבריה,6700,normalized_unique_name,49
טובא-זנגריה,טובא-זנגריה,962,normalized_unique_name,4
טורעאן,טורעאן,498,normalized_unique_name,8
טייבה,טייבה,2730,normalized_unique_name,31
טייבה (בעמק),טייבה בעמק,497,normalized_unique_name,1
טירה,טירה,2720,normalized_unique_name,18
טירת יהודה,טירת יהודה,663,normalized_unique_name,1
טירת כרמל,טירת כרמל,2100,normalized_unique_name,24
טירת צבי,טירת צבי,268,normalized_unique_name,1
טל שחר,טל שחר,462,normalized_unique_name,1
טל-אל,טל-אל,1181,normalized_unique_name,1
טללים,טללים,1177,normalized_unique_name,1
טלמון,טלמון,3788,normalized_unique_name,1
טמרה,טמרה,8900,normalized_unique_name,24
טמרה (יזרעאל),טמרה יזרעאל,547,normalized_unique_name,1
טנא,טנא,3743,normalized_unique_name,1
טפחות,טפחות,1214,normalized_unique_name,1
יאנוח-ג'ת,יאנוח-ג ת,1295,normalized_unique_name,5
יבול,יבול,1232,normalized_unique_name,1
יבנאל,יבנאל,46,normalized_unique_name,3
יבנה,יבנה,2660,normalized_unique_name,36
יגור,יגור,96,normalized_unique_name,2
יגל,יגל,798,normalized_unique_name,1
יד בנימין,יד בנימין,577,normalized_unique_name,1
יד חנה,יד חנה,758,normalized_unique_name,1
יד מרדכי,יד מרדכי,358,normalized_unique_name,1
יד נתן,יד נתן,775,normalized_unique_name,1
"יד רמב""ם",יד רמב ם,64,normalized_unique_name,1
יהוד-נווה אפרים,יהוד-נווה אפרים,9400,manual_alias,33
יהל,יהל,1158,normalized_unique_name,1
יובל,יובל,2009,normalized_unique_name,1
יובלים,יובלים,1226,normalized_unique_name,1
יודפת,יודפת,1112,normalized_unique_name,1
יונתן,יונתן,4007,normalized_unique_name,1
יושיביה,יושיביה,803,normalized_unique_name,1
יזרעאל,יזרעאל,452,normalized_unique_name,1
יחיעם,יחיעם,409,normalized_unique_name,1
יטבתה,יטבתה,866,normalized_unique_name,1
"ייט""ב",ייט ב,3607,normalized_unique_name,1
יכיני,יכיני,811,normalized_unique_name,1
ינוב,ינוב,753,normalized_unique_name,1
ינון,ינון,2011,normalized_unique_name,1
יסוד המעלה,יסוד המעלה,29,normalized_unique_name,2
יסודות,יסודות,440,normalized_unique_name,1
יסעור,יסעור,575,normalized_unique_name,1
יעד,יעד,1138,normalized_unique_name,1
יערה,יערה,795,normalized_unique_name,1
יפיע,יפיע,499,normalized_unique_name,13
יפית,יפית,3566,normalized_unique_name,1
יפעת,יפעת,134,normalized_unique_name,1
יפתח,יפתח,453,normalized_unique_name,1
יצהר,יצהר,3749,normalized_unique_name,1
יציץ,יציץ,759,normalized_unique_name,1
יקום,יקום,417,normalized_unique_name,1
יקיר,יקיר,3647,normalized_unique_name,1
יקנעם (מושבה),יקנעם מושבה,241,normalized_unique_name,1
יקנעם עילית,יקנעם עילית,240,normalized_unique_name,21
יראון,יראון,623,normalized_unique_name,1
ירדנה,ירדנה,2026,normalized_unique_name,1
ירוחם,ירוחם,831,normalized_unique_name,10
ירושלים,ירושלים,3000,normalized_unique_name,551
ירחיב,ירחיב,718,normalized_unique_name,1
ירכא,ירכא,502,normalized_unique_name,9
ירקונה,ירקונה,183,normalized_unique_name,1
ישע,ישע,916,normalized_unique_name,1
ישעי,ישעי,805,normalized_unique_name,1
ישרש,ישרש,828,normalized_unique_name,1
יתד,יתד,1227,normalized_unique_name,1
כאבול,כאבול,504,normalized_unique_name,9
כאוכב אבו אל-היג',כאוכב אבו אל-היג,505,normalized_unique_name,3
כברי,כברי,576,normalized_unique_name,1
כוכב השחר,כוכב השחר,3564,normalized_unique_name,1
כוכב יאיר,כוכב יאיר,1224,normalized_unique_name,10
כוכב יעקב,כוכב יעקב,3779,normalized_unique_name,4
כוכב מיכאל,כוכב מיכאל,824,normalized_unique_name,1
כורזים,כורזים,1252,normalized_unique_name,1
כחל,כחל,1210,normalized_unique_name,1
כיסופים,כיסופים,840,normalized_unique_name,1
כליל,כליל,1183,normalized_unique_name,1
כלנית,כלנית,1229,normalized_unique_name,1
כמאנה,כמאנה,1331,normalized_unique_name,1
כמון,כמון,1201,normalized_unique_name,1
כנף,כנף,4028,normalized_unique_name,1
כנרת (מושבה),כנרת מושבה,63,normalized_unique_name,1
כנרת (קבוצה),כנרת קבוצה,57,normalized_unique_name,1
כסיפה,כסיפה,1059,normalized_unique_name,8
כסלון,כסלון,859,normalized_unique_name,1
כסרא-סמיע,כסרא-סמיע,1296,normalized_unique_name,5
כעביה-טבאש-חג'אג',כעביה-טבאש-חג אג,978,normalized_unique_name,4
כפר אביב,כפר אביב,857,normalized_unique_name,1
כפר אדומים,כפר אדומים,3638,normalized_unique_name,2
כפר אוריה,כפר אוריה,364,normalized_unique_name,1
"כפר אז""ר",כפר אז ר,180,normalized_unique_name,1
כפר אחים,כפר אחים,690,normalized_unique_name,1
כפר ביאליק,כפר ביאליק,220,normalized_unique_name,1
"כפר ביל""ו",כפר ביל ו,177,normalized_unique_name,1
כפר בלום,כפר בלום,357,normalized_unique_name,1
כפר בן נון,כפר בן נון,2010,normalized_unique_name,1
כפר ברא,כפר ברא,633,normalized_unique_name,2
כפר ברוך,כפר ברוך,132,normalized_unique_name,1
כפר גדעון,כפר גדעון,106,normalized_unique_name,1
כפר גלים,כפר גלים,427,normalized_unique_name,1
כפר גליקסון,כפר גליקסון,310,normalized_unique_name,1
כפר גלעדי,כפר גלעדי,76,normalized_unique_name,1
כפר דניאל,כפר דניאל,707,normalized_unique_name,1
כפר האורנים,כפר האורנים,3796,normalized_unique_name,2
כפר החורש,כפר החורש,192,normalized_unique_name,1
כפר המכבי,כפר המכבי,254,normalized_unique_name,1
כפר הנגיד,כפר הנגיד,582,normalized_unique_name,1
כפר הנוער הדתי,כפר הנוער הדתי,890,normalized_unique_name,1
כפר הנשיא,כפר הנשיא,443,normalized_unique_name,1
כפר הס,כפר הס,187,normalized_unique_name,1
"כפר הרא""ה",כפר הרא ה,217,normalized_unique_name,1
"כפר הרי""ף",כפר הרי ף,888,normalized_unique_name,1
כפר ויתקין,כפר ויתקין,190,normalized_unique_name,2
כפר ורבורג,כפר ורבורג,320,normalized_unique_name,1
כפר ורדים,כפר ורדים,1263,normalized_unique_name,7
כפר זיתים,כפר זיתים,786,normalized_unique_name,1
"כפר חב""ד",כפר חב ד,696,normalized_unique_name,4
כפר חושן,כפר חושן,609,normalized_unique_name,1
כפר חיטים,כפר חיטים,255,normalized_unique_name,1
כפר חיים,כפר חיים,193,normalized_unique_name,1
כפר חנניה,כפר חנניה,1297,normalized_unique_name,1
כפר חסידים א',כפר חסידים א,112,normalized_unique_name,1
כפר חסידים ב',כפר חסידים ב,889,normalized_unique_name,1
כפר חרוב,כפר חרוב,4004,normalized_unique_name,1
כפר טרומן,כפר טרומן,673,normalized_unique_name,1
כפר יאסיף,כפר יאסיף,507,normalized_unique_name,8
כפר ידידיה,כפר ידידיה,233,normalized_unique_name,1
כפר יהושע,כפר יהושע,140,normalized_unique_name,1
כפר יונה,כפר יונה,168,normalized_unique_name,15
כפר יחזקאל,כפר יחזקאל,85,normalized_unique_name,1
כפר יעבץ,כפר יעבץ,170,normalized_unique_name,1
כפר כמא,כפר כמא,508,normalized_unique_name,3
כפר כנא,כפר כנא,509,normalized_unique_name,13
כפר מונש,כפר מונש,387,normalized_unique_name,1
כפר מימון,כפר מימון,1095,normalized_unique_name,1
"כפר מל""ל",כפר מל ל,98,normalized_unique_name,1
כפר מנדא,כפר מנדא,510,normalized_unique_name,10
כפר מנחם,כפר מנחם,274,normalized_unique_name,1
כפר מסריק,כפר מסריק,297,normalized_unique_name,1
כפר מצר,כפר מצר,512,normalized_unique_name,2
כפר מרדכי,כפר מרדכי,764,normalized_unique_name,1
כפר נטר,כפר נטר,316,normalized_unique_name,1
כפר סאלד,כפר סאלד,345,normalized_unique_name,1
כפר סבא,כפר סבא,6900,normalized_unique_name,106
כפר סילבר,כפר סילבר,107,normalized_unique_name,1
כפר סירקין,כפר סירקין,249,normalized_unique_name,1
כפר עזה,כפר עזה,845,normalized_unique_name,1
כפר עציון,כפר עציון,3488,normalized_unique_name,1
כפר פינס,כפר פינס,189,normalized_unique_name,1
כפר קאסם,כפר קאסם,634,normalized_unique_name,13
כפר קיש,כפר קיש,388,normalized_unique_name,1
כפר קרע,כפר קרע,654,normalized_unique_name,13
כפר ראש הנקרה,כפר ראש הנקרה,579,normalized_unique_name,1
כפר רוזנואלד (זרע,כפר רוזנואלד זרע,1130,normalized_unique_name,1
כפר רופין,כפר רופין,295,normalized_unique_name,1
כפר רות,כפר רות,1166,normalized_unique_name,1
כפר שמאי,כפר שמאי,605,normalized_unique_name,1
כפר שמואל,כפר שמואל,743,normalized_unique_name,1
כפר שמריהו,כפר שמריהו,267,normalized_unique_name,2
כפר תבור,כפר תבור,47,normalized_unique_name,3
כפר תפוח,כפר תפוח,3572,normalized_unique_name,1
כרכום,כרכום,1285,normalized_unique_name,1
כרם בן זמרה,כרם בן זמרה,664,normalized_unique_name,1
כרם יבנה (ישיבה),כרם יבנה ישיבה,1094,normalized_unique_name,1
"כרם מהר""ל",כרם מהר ל,580,normalized_unique_name,1
כרם שלום,כרם שלום,1085,normalized_unique_name,1
כרמי יוסף,כרמי יוסף,1264,normalized_unique_name,2
כרמי צור,כרמי צור,3766,normalized_unique_name,1
כרמיאל,כרמיאל,1139,normalized_unique_name,62
כרמיה,כרמיה,768,normalized_unique_name,1
כרמל,כרמל,3656,normalized_unique_name,1
לבון,לבון,1207,normalized_unique_name,1
לביא,לביא,585,normalized_unique_name,1
לבנים,לבנים,1230,normalized_unique_name,1
להב,להב,2023,normalized_unique_name,1
להבות הבשן,להבות הבשן,380,normalized_unique_name,1
להבות חביבה,להבות חביבה,715,normalized_unique_name,1
להבים,להבים,1271,normalized_unique_name,7
לוד,לוד,7000,normalized_unique_name,78
לוזית,לוזית,52,normalized_unique_name,1
לוחמי הגיטאות,לוחמי הגיטאות,595,normalized_unique_name,1
לוטם,לוטם,1171,normalized_unique_name,1
לוטן,לוטן,1255,normalized_unique_name,1
לימן,לימן,674,normalized_unique_name,1
לכיש,לכיש,24,normalized_unique_name,1
לפיד,לפיד,1310,normalized_unique_name,2
לפידות,לפידות,1173,normalized_unique_name,1
לקיה,לקיה,1060,normalized_unique_name,5
מאור,מאור,2055,normalized_unique_name,1
מאיר שפיה,מאיר שפיה,102,normalized_unique_name,1
מבוא ביתר,מבוא ביתר,771,normalized_unique_name,1
מבוא דותן,מבוא דותן,3569,normalized_unique_name,1
מבוא חורון,מבוא חורון,3709,normalized_unique_name,1
מבוא חמה,מבוא חמה,4204,normalized_unique_name,1
מבוא מודיעים,מבוא מודיעים,1141,normalized_unique_name,1
מבועים,מבועים,1080,normalized_unique_name,1
מבטחים,מבטחים,829,normalized_unique_name,1
מבקיעים,מבקיעים,573,normalized_unique_name,1
מבשרת ציון,מבשרת ציון,1015,normalized_unique_name,28
מג'דל שמס,מג דל שמס,4201,normalized_unique_name,1
מגאר,מגאר,481,normalized_unique_name,16
מגדים,מגדים,689,normalized_unique_name,1
מגדל,מגדל,65,normalized_unique_name,2
מגדל העמק,מגדל העמק,874,normalized_unique_name,31
מגדל עוז,מגדל עוז,3561,normalized_unique_name,1
מגדלים,מגדלים,3751,normalized_unique_name,1
מגידו,מגידו,586,normalized_unique_name,1
מגל,מגל,375,normalized_unique_name,1
מגן,מגן,695,normalized_unique_name,1
מגן שאול,מגן שאול,1155,normalized_unique_name,1
מגשימים,מגשימים,722,normalized_unique_name,1
מדרך עוז,מדרך עוז,2029,normalized_unique_name,1
מדרשת בן גוריון,מדרשת בן גוריון,1140,normalized_unique_name,1
מודיעין עילית,מודיעין עילית,3797,normalized_unique_name,20
מודיעין-מכבים-רעו,מודיעין-מכבים-רעו,1200,normalized_unique_name,53
מולדת,מולדת,269,normalized_unique_name,1
מוצא עילית,מוצא עילית,208,normalized_unique_name,1
מוקייבלה,מוקייבלה,635,normalized_unique_name,2
מורן,מורן,1163,normalized_unique_name,1
מורשת,מורשת,1178,normalized_unique_name,1
מזור,מזור,606,normalized_unique_name,1
מזכרת בתיה,מזכרת בתיה,28,normalized_unique_name,10
מזרע,מזרע,104,normalized_unique_name,1
מזרעה,מזרעה,517,normalized_unique_name,3
מחולה,מחולה,3599,normalized_unique_name,1
מחנה טלי,מחנה טלי,1418,normalized_unique_name,1
מחנה יפה,מחנה יפה,1415,normalized_unique_name,1
מחנה תל נוף,מחנה תל נוף,1412,normalized_unique_name,1
מחניים,מחניים,308,normalized_unique_name,1
מחסיה,מחסיה,776,normalized_unique_name,1
מטולה,מטולה,43,normalized_unique_name,2
מטע,מטע,822,normalized_unique_name,1
מי עמי,מי עמי,1128,normalized_unique_name,1
מיטב,מיטב,2054,normalized_unique_name,1
מייסר,מייסר,649,normalized_unique_name,2
מירב,מירב,1282,normalized_unique_name,1
מירון,מירון,607,normalized_unique_name,1
מישר,מישר,731,normalized_unique_name,1
מיתר,מיתר,1268,normalized_unique_name,7
מכורה,מכורה,3614,normalized_unique_name,1
מכמורת,מכמורת,382,normalized_unique_name,2
מכמנים,מכמנים,1202,normalized_unique_name,1
מלאה,מלאה,164,normalized_unique_name,1
מלילות,מלילות,2044,normalized_unique_name,1
מלכיה,מלכיה,596,normalized_unique_name,1
מנוחה,מנוחה,2030,normalized_unique_name,1
מנוף,מנוף,1174,normalized_unique_name,1
מנות,מנות,1205,normalized_unique_name,1
מנחמיה,מנחמיה,48,normalized_unique_name,2
מנרה,מנרה,347,normalized_unique_name,1
מנשית זבדה,מנשית זבדה,994,normalized_unique_name,1
מסד,מסד,1258,normalized_unique_name,1
מסדה,מסדה,263,normalized_unique_name,1
מסילות,מסילות,298,normalized_unique_name,1
מסילת ציון,מסילת ציון,742,normalized_unique_name,1
מסלול,מסלול,748,normalized_unique_name,1
מסעדה,מסעדה,4203,normalized_unique_name,1
מסעודין אל-עזאזמה,מסעודין אל-עזאזמה,939,normalized_unique_name,6
מעברות,מעברות,197,normalized_unique_name,1
מעגלים,מעגלים,1082,normalized_unique_name,1
מעגן,מעגן,678,normalized_unique_name,1
מעגן מיכאל,מעגן מיכאל,694,normalized_unique_name,2
מעוז חיים,מעוז חיים,272,normalized_unique_name,1
מעון,מעון,3657,normalized_unique_name,1
מעונה,מעונה,570,normalized_unique_name,1
מעטפות כפולות,מעטפות כפולות,,unresolved,149
מעיליא,מעיליא,518,normalized_unique_name,3
מעין ברוך,מעין ברוך,416,normalized_unique_name,1
מעין צבי,מעין צבי,290,normalized_unique_name,1
מעלה אדומים,מעלה אדומים,3616,normalized_unique_name,30
מעלה אפרים,מעלה אפרים,3608,normalized_unique_name,2
מעלה גלבוע,מעלה גלבוע,1127,normalized_unique_name,1
מעלה גמלא,מעלה גמלא,4008,normalized_unique_name,1
מעלה החמישה,מעלה החמישה,286,normalized_unique_name,1
מעלה לבונה,מעלה לבונה,3752,normalized_unique_name,1
מעלה מכמש,מעלה מכמש,3651,normalized_unique_name,1
מעלה עירון,מעלה עירון,1327,normalized_unique_name,11
מעלה עמוס,מעלה עמוס,3653,normalized_unique_name,1
מעלה שומרון,מעלה שומרון,3637,normalized_unique_name,1
מעלות-תרשיחא,מעלות-תרשיחא,1063,normalized_unique_name,28
מענית,מענית,344,normalized_unique_name,1
מעש,מעש,230,normalized_unique_name,1
מפלסים,מפלסים,668,normalized_unique_name,1
מצדות יהודה,מצדות יהודה,3745,normalized_unique_name,1
מצובה,מצובה,325,normalized_unique_name,1
מצליח,מצליח,757,normalized_unique_name,1
מצפה,מצפה,58,normalized_unique_name,1
"מצפה אבי""ב",מצפה אבי ב,1222,normalized_unique_name,1
מצפה יריחו,מצפה יריחו,3576,normalized_unique_name,1
מצפה נטופה,מצפה נטופה,1190,normalized_unique_name,1
מצפה רמון,מצפה רמון,99,normalized_unique_name,5
מצפה שלם,מצפה שלם,3610,normalized_unique_name,1
מצר,מצר,648,normalized_unique_name,1
מקווה ישראל,מקווה ישראל,22,normalized_unique_name,1
מרגליות,מרגליות,843,normalized_unique_name,1
מרום גולן,מרום גולן,4101,normalized_unique_name,1
מרחביה (מושב),מרחביה מושב,97,normalized_unique_name,1
מרחביה (קיבוץ),מרחביה קיבוץ,66,normalized_unique_name,1
מרכז שפירא,מרכז שפירא,1098,normalized_unique_name,2
משאבי שדה,משאבי שדה,421,normalized_unique_name,1
משגב דב,משגב דב,765,normalized_unique_name,1
משגב עם,משגב עם,378,normalized_unique_name,1
משהד,משהד,520,normalized_unique_name,5
משואה,משואה,3605,normalized_unique_name,1
משואות יצחק,משואות יצחק,620,normalized_unique_name,1
משמר איילון,משמר איילון,670,normalized_unique_name,1
משמר דוד,משמר דוד,563,normalized_unique_name,1
משמר הירדן,משמר הירדן,732,normalized_unique_name,1
משמר הנגב,משמר הנגב,395,normalized_unique_name,1
משמר העמק,משמר העמק,130,normalized_unique_name,1
משמר השבעה,משמר השבעה,729,normalized_unique_name,1
משמר השרון,משמר השרון,194,normalized_unique_name,1
משמרות,משמרות,213,normalized_unique_name,1
משמרת,משמרת,425,normalized_unique_name,1
משען,משען,791,normalized_unique_name,1
מתן,מתן,1315,normalized_unique_name,3
מתת,מתת,1184,normalized_unique_name,1
מתתיהו,מתתיהו,3648,normalized_unique_name,1
נאות גולן,נאות גולן,4551,normalized_unique_name,1
נאות הכיכר,נאות הכיכר,1124,normalized_unique_name,1
נאות מרדכי,נאות מרדכי,408,normalized_unique_name,1
נאות סמדר,נאות סמדר,1197,normalized_unique_name,1
נאעורה,נאעורה,524,normalized_unique_name,2
נבטים,נבטים,396,normalized_unique_name,1
נגבה,נגבה,315,normalized_unique_name,1
נהורה,נהורה,309,normalized_unique_name,1
נהלל,נהלל,80,normalized_unique_name,1
נהריה,נהריה,9100,normalized_unique_name,66
נוב,נוב,4304,normalized_unique_name,1
נוגה,נוגה,55,normalized_unique_name,1
נווה אבות,נווה אבות,926,normalized_unique_name,1
נווה אור,נווה אור,590,normalized_unique_name,1
"נווה אטי""ב",נווה אטי ב,4303,normalized_unique_name,1
נווה אילן,נווה אילן,405,normalized_unique_name,1
נווה איתן,נווה איתן,296,normalized_unique_name,1
נווה אפעל,נווה אפעל,2032,normalized_unique_name,1
נווה דניאל,נווה דניאל,3725,normalized_unique_name,1
נווה זוהר,נווה זוהר,1057,normalized_unique_name,1
נווה זיו,נווה זיו,1314,normalized_unique_name,1
נווה ים,נווה ים,312,normalized_unique_name,1
נווה ימין,נווה ימין,686,normalized_unique_name,1
נווה ירק,נווה ירק,858,normalized_unique_name,1
נווה מבטח,נווה מבטח,827,normalized_unique_name,1
נווה מיכאל,נווה מיכאל,1071,normalized_unique_name,1
נווה שלום,נווה שלום,1259,normalized_unique_name,1
נועם,נועם,15,normalized_unique_name,1
נוף איילון,נוף איילון,1333,normalized_unique_name,2
נופים,נופים,3790,normalized_unique_name,1
נופית,נופית,1284,normalized_unique_name,2
נופך,נופך,257,normalized_unique_name,1
נוקדים,נוקדים,3726,normalized_unique_name,1
נורדיה,נורדיה,447,normalized_unique_name,2
נחושה,נחושה,59,normalized_unique_name,1
נחל עוז,נחל עוז,844,normalized_unique_name,1
נחלה,נחלה,2045,normalized_unique_name,1
נחליאל,נחליאל,3767,normalized_unique_name,1
נחלים,נחלים,449,normalized_unique_name,1
נחם,נחם,809,normalized_unique_name,1
נחף,נחף,522,normalized_unique_name,7
נחשולים,נחשולים,433,normalized_unique_name,1
נחשון,נחשון,777,normalized_unique_name,1
נחשונים,נחשונים,705,normalized_unique_name,1
נטועה,נטועה,1147,normalized_unique_name,1
נטעים,נטעים,174,normalized_unique_name,1
נטף,נטף,1254,normalized_unique_name,1
ניין,ניין,523,normalized_unique_name,2
"ניל""י",ניל י,3655,normalized_unique_name,1
ניצן,ניצן,351,normalized_unique_name,2
ניצנה (קהילת חינו,ניצנה קהילת חינו,1195,normalized_unique_name,1
ניצני עוז,ניצני עוז,851,normalized_unique_name,1
ניצנים,ניצנים,359,normalized_unique_name,1
ניר אליהו,ניר אליהו,808,normalized_unique_name,1
ניר בנים,ניר בנים,553,normalized_unique_name,1
ניר גלים,ניר גלים,720,normalized_unique_name,1
ניר דוד (תל עמל),ניר דוד תל עמל,256,normalized_unique_name,1
"ניר ח""ן",ניר ח ן,11,normalized_unique_name,1
ניר יפה,ניר יפה,165,normalized_unique_name,1
ניר יצחק,ניר יצחק,402,normalized_unique_name,1
ניר ישראל,ניר ישראל,699,normalized_unique_name,1
ניר משה,ניר משה,2047,normalized_unique_name,1
ניר עוז,ניר עוז,69,normalized_unique_name,1
ניר עם,ניר עם,348,normalized_unique_name,1
ניר עציון,ניר עציון,769,normalized_unique_name,1
ניר עקיבא,ניר עקיבא,2048,normalized_unique_name,1
ניר צבי,ניר צבי,331,normalized_unique_name,1
נירים,נירים,602,normalized_unique_name,1
נירית,נירית,1236,normalized_unique_name,1
נירן,נירן,3620,normalized_unique_name,1
נס הרים,נס הרים,825,normalized_unique_name,1
נס ציונה,נס ציונה,7200,normalized_unique_name,36
נעורים,נעורים,186,normalized_unique_name,1
נעלה,נעלה,3787,normalized_unique_name,1
נעמי,נעמי,3713,normalized_unique_name,1
נען,נען,158,normalized_unique_name,2
נצאצרה (שבט),נצאצרה שבט,1041,normalized_unique_name,1
נצר סרני,נצר סרני,435,normalized_unique_name,1
נצרת,נצרת,7300,normalized_unique_name,70
נצרת עילית,נצרת עילית,1061,normalized_unique_name,64
נשר,נשר,2500,normalized_unique_name,28
נתיב הגדוד,נתיב הגדוד,3555,normalized_unique_name,1
"נתיב הל""ה",נתיב הל ה,693,normalized_unique_name,1
נתיב העשרה,נתיב העשרה,1242,normalized_unique_name,1
נתיב השיירה,נתיב השיירה,792,normalized_unique_name,1
נתיבות,נתיבות,246,normalized_unique_name,23
נתניה,נתניה,7400,normalized_unique_name,223
סאג'ור,סאג ור,525,normalized_unique_name,3
סאסא,סאסא,578,normalized_unique_name,1
סביון,סביון,587,normalized_unique_name,5
סגולה,סגולה,2046,normalized_unique_name,1
סואעד (כמאנה) (שב,סואעד כמאנה שב,989,normalized_unique_name,1
סוואעד חמיירה,סוואעד חמיירה,942,manual_alias,1
סולם,סולם,526,normalized_unique_name,2
סוסיה,סוסיה,3756,normalized_unique_name,1
סופה,סופה,1238,normalized_unique_name,1
סח'נין,סח נין,7500,normalized_unique_name,20
סייד (שבט),סייד שבט,1170,normalized_unique_name,2
סלמה,סלמה,1245,normalized_unique_name,2
סלעית,סלעית,3567,normalized_unique_name,1
סמר,סמר,1156,normalized_unique_name,1
סנסנה,סנסנה,3777,normalized_unique_name,1
סעד,סעד,419,normalized_unique_name,1
סער,סער,454,normalized_unique_name,1
ספיר,ספיר,1176,normalized_unique_name,1
סתריה,סתריה,610,normalized_unique_name,1
ע'ג'ר,ע ג ר,4501,normalized_unique_name,2
עבדון,עבדון,892,normalized_unique_name,1
עברון,עברון,376,normalized_unique_name,1
עגור,עגור,794,normalized_unique_name,1
עדי,עדי,1199,normalized_unique_name,2
עדנים,עדנים,2035,normalized_unique_name,1
עוזה,עוזה,826,normalized_unique_name,1
עוזייר,עוזייר,528,normalized_unique_name,2
עולש,עולש,737,normalized_unique_name,1
עומר,עומר,666,normalized_unique_name,9
עופר,עופר,810,normalized_unique_name,1
עופרה,עופרה,3617,normalized_unique_name,2
עוצם,עוצם,32,normalized_unique_name,1
עוקבי (בנו עוקבה),עוקבי בנו עוקבה,957,normalized_unique_name,1
עזר,עזר,1149,normalized_unique_name,1
עזריאל,עזריאל,837,normalized_unique_name,1
עזריה,עזריה,711,normalized_unique_name,1
עזריקם,עזריקם,817,normalized_unique_name,1
עטאוונה (שבט),עטאוונה שבט,969,normalized_unique_name,1
עטרת,עטרת,3658,normalized_unique_name,1
עידן,עידן,1175,normalized_unique_name,1
עיילבון,עיילבון,530,normalized_unique_name,4
עיינות,עיינות,156,normalized_unique_name,1
עילוט,עילוט,511,normalized_unique_name,5
עין איילה,עין איילה,687,normalized_unique_name,1
עין אל-אסד,עין אל-אסד,546,normalized_unique_name,1
עין גב,עין גב,273,normalized_unique_name,1
עין גדי,עין גדי,2042,normalized_unique_name,1
עין דור,עין דור,436,normalized_unique_name,1
עין הבשור,עין הבשור,1240,normalized_unique_name,1
עין הוד,עין הוד,74,normalized_unique_name,1
עין החורש,עין החורש,167,normalized_unique_name,1
עין המפרץ,עין המפרץ,289,normalized_unique_name,1
"עין הנצי""ב",עין הנצי ב,383,normalized_unique_name,1
עין העמק,עין העמק,367,normalized_unique_name,1
עין השופט,עין השופט,270,normalized_unique_name,1
עין השלושה,עין השלושה,676,normalized_unique_name,1
עין ורד,עין ורד,157,normalized_unique_name,1
עין זיוון,עין זיוון,4503,normalized_unique_name,1
עין חרוד (איחוד),עין חרוד איחוד,89,normalized_unique_name,1
עין חרוד (מאוחד),עין חרוד מאוחד,82,normalized_unique_name,1
עין יהב,עין יהב,806,normalized_unique_name,1
עין יעקב,עין יעקב,813,normalized_unique_name,1
עין כרמל,עין כרמל,426,normalized_unique_name,1
עין מאהל,עין מאהל,532,normalized_unique_name,8
עין נקובא,עין נקובא,521,normalized_unique_name,2
עין עירון,עין עירון,223,normalized_unique_name,1
עין צורים,עין צורים,622,normalized_unique_name,1
עין ראפה,עין ראפה,514,normalized_unique_name,1
עין שמר,עין שמר,139,normalized_unique_name,1
עין שריד,עין שריד,880,normalized_unique_name,1
עינת,עינת,871,normalized_unique_name,1
עיר כרמל,עיר כרמל,494,normalized_unique_name,21
עכו,עכו,7600,normalized_unique_name,62
עלומים,עלומים,1146,normalized_unique_name,1
עלי,עלי,3765,normalized_unique_name,2
עלי זהב,עלי זהב,3727,normalized_unique_name,1
עלמה,עלמה,688,normalized_unique_name,1
עלמון,עלמון,3715,normalized_unique_name,1
עמוקה,עמוקה,1212,normalized_unique_name,1
עמינדב,עמינדב,779,normalized_unique_name,1
עמיעד,עמיעד,385,normalized_unique_name,1
עמיעוז,עמיעוז,318,normalized_unique_name,1
עמיקם,עמיקם,773,normalized_unique_name,1
עמיר,עמיר,319,normalized_unique_name,1
עמנואל,עמנואל,3660,normalized_unique_name,2
עמקה,עמקה,708,normalized_unique_name,1
ענב,ענב,3712,normalized_unique_name,1
עפולה,עפולה,7700,normalized_unique_name,49
עץ אפרים,עץ אפרים,3778,normalized_unique_name,1
עראבה,עראבה,531,normalized_unique_name,15
עראמשה,עראמשה,1246,normalized_unique_name,1
ערד,ערד,2560,normalized_unique_name,33
ערוגות,ערוגות,593,normalized_unique_name,1
ערערה,ערערה,637,normalized_unique_name,13
ערערה-בנגב,ערערה-בנגב,1192,normalized_unique_name,6
עשרת,עשרת,591,normalized_unique_name,1
עתלית,עתלית,53,normalized_unique_name,5
עתניאל,עתניאל,3748,normalized_unique_name,1
פארן,פארן,1151,normalized_unique_name,1
פדואל,פדואל,3768,normalized_unique_name,1
פדויים,פדויים,750,normalized_unique_name,1
פדיה,פדיה,838,normalized_unique_name,1
פוריה - כפר עבודה,פוריה-כפר עבודה,1104,normalized_unique_name,1
פוריה - נווה עובד,פוריה-נווה עובד,1105,normalized_unique_name,1
פוריה עילית,פוריה עילית,1313,normalized_unique_name,1
פוריידיס,פוריידיס,537,normalized_unique_name,10
פורת,פורת,767,normalized_unique_name,1
פטיש,פטיש,749,normalized_unique_name,1
פלמחים,פלמחים,597,normalized_unique_name,1
פני חבר,פני חבר,3723,normalized_unique_name,1
פסגות,פסגות,3659,normalized_unique_name,1
פסוטה,פסוטה,535,normalized_unique_name,3
"פעמי תש""ז",פעמי תש ז,2059,normalized_unique_name,1
פצאל,פצאל,3615,normalized_unique_name,1
פקיעין (בוקייעה),פקיעין בוקייעה,536,normalized_unique_name,5
פקיעין חדשה,פקיעין חדשה,281,normalized_unique_name,1
פרדס חנה-כרכור,פרדס חנה-כרכור,7800,normalized_unique_name,37
פרדסיה,פרדסיה,171,normalized_unique_name,7
פרוד,פרוד,599,normalized_unique_name,1
פרזון,פרזון,2053,normalized_unique_name,1
פרי גן,פרי גן,1231,normalized_unique_name,1
פתח תקווה,פתח תקווה,7900,normalized_unique_name,228
פתחיה,פתחיה,839,normalized_unique_name,1
צאלים,צאלים,413,normalized_unique_name,1
צביה,צביה,1180,normalized_unique_name,1
צובה,צובה,465,normalized_unique_name,1
צוחר,צוחר,1136,normalized_unique_name,1
צופים,צופים,3791,normalized_unique_name,1
צופית,צופית,198,normalized_unique_name,1
צופר,צופר,1150,normalized_unique_name,1
צוקי ים,צוקי ים,1102,normalized_unique_name,1
צור הדסה,צור הדסה,1113,normalized_unique_name,3
צור משה,צור משה,276,normalized_unique_name,2
צור נתן,צור נתן,1148,normalized_unique_name,1
צוריאל,צוריאל,774,normalized_unique_name,1
צורית,צורית,1221,normalized_unique_name,1
צורן-קדימה,צורן-קדימה,195,manual_alias,15
ציפורי,ציפורי,613,normalized_unique_name,1
צלפון,צלפון,796,normalized_unique_name,1
צנדלה,צנדלה,636,normalized_unique_name,1
צפריה,צפריה,594,normalized_unique_name,1
צפרירים,צפרירים,1079,normalized_unique_name,1
צפת,צפת,8000,normalized_unique_name,31
צרופה,צרופה,612,normalized_unique_name,1
צרעה,צרעה,567,normalized_unique_name,1
קבועה (שבט),קבועה שבט,1234,normalized_unique_name,1
קבוצת יבנה,קבוצת יבנה,334,normalized_unique_name,1
קדומים,קדומים,3557,normalized_unique_name,3
קדמת צבי,קדמת צבי,4025,normalized_unique_name,1
קדר,קדר,3781,normalized_unique_name,1
קדרון,קדרון,615,normalized_unique_name,1
קודייראת א-צאנע(ש,קודייראת א-צאנע ש,964,normalized_unique_name,2
קוואעין (שבט),קוואעין שבט,972,normalized_unique_name,1
קוממיות,קוממיות,766,normalized_unique_name,1
קורנית,קורנית,1179,normalized_unique_name,1
קטורה,קטורה,1052,normalized_unique_name,1
קיסריה,קיסריה,1167,normalized_unique_name,5
קלחים,קלחים,414,normalized_unique_name,1
קליה,קליה,3601,normalized_unique_name,1
קלנסווה,קלנסווה,638,normalized_unique_name,11
קציר-חריש,קציר-חריש,1247,normalized_unique_name,3
קצר א-סר,קצר א-סר,1347,normalized_unique_name,1
קצרין,קצרין,4100,normalized_unique_name,8
קרית אונו,קרית אונו,2620,normalized_unique_name,35
קרית ארבע,קרית ארבע,3611,normalized_unique_name,7
קרית אתא,קרית אתא,6800,normalized_unique_name,67
קרית ביאליק,קרית ביאליק,9500,normalized_unique_name,52
קרית גת,קרית גת,2630,normalized_unique_name,56
קרית טבעון,קרית טבעון,2300,normalized_unique_name,20
קרית ים,קרית ים,9600,normalized_unique_name,54
קרית יערים,קרית יערים,1137,normalized_unique_name,2
קרית מוצקין,קרית מוצקין,8200,normalized_unique_name,54
קרית מלאכי,קרית מלאכי,1034,normalized_unique_name,23
קרית נטפים,קרית נטפים,3746,normalized_unique_name,1
קרית ענבים,קרית ענבים,78,normalized_unique_name,1
קרית עקרון,קרית עקרון,469,normalized_unique_name,12
קרית שמונה,קרית שמונה,2800,normalized_unique_name,26
קרני שומרון,קרני שומרון,3640,normalized_unique_name,7
קשת,קשת,4006,normalized_unique_name,1
ראמה,ראמה,543,normalized_unique_name,7
ראס אל-עין,ראס אל-עין,1334,normalized_unique_name,1
ראס עלי,ראס עלי,990,normalized_unique_name,1
ראש העין,ראש העין,2640,normalized_unique_name,36
ראש פינה,ראש פינה,26,normalized_unique_name,3
ראש צורים,ראש צורים,3602,normalized_unique_name,1
ראשון לציון,ראשון לציון,8300,normalized_unique_name,277
רבבה,רבבה,3795,normalized_unique_name,1
רבדים,רבדים,564,normalized_unique_name,1
רביבים,רביבים,354,normalized_unique_name,1
רגבה,רגבה,390,normalized_unique_name,1
רגבים,רגבים,444,normalized_unique_name,1
רהט,רהט,1161,normalized_unique_name,27
רווחה,רווחה,2051,normalized_unique_name,1
רוויה,רוויה,2016,normalized_unique_name,1
רוחמה,רוחמה,362,normalized_unique_name,1
רומאנה,רומאנה,539,normalized_unique_name,1
רומת הייב,רומת הייב,997,normalized_unique_name,2
רועי,רועי,3619,normalized_unique_name,1
רחוב,רחוב,854,normalized_unique_name,1
רחובות,רחובות,8400,normalized_unique_name,135
ריחאניה,ריחאניה,540,normalized_unique_name,1
ריחן,ריחן,3568,normalized_unique_name,1
ריינה,ריינה,542,normalized_unique_name,10
רימונים,רימונים,3565,normalized_unique_name,1
רינתיה,רינתיה,616,normalized_unique_name,1
רכסים,רכסים,922,normalized_unique_name,7
רם-און,רם-און,1069,normalized_unique_name,1
רמות,רמות,4702,normalized_unique_name,1
רמות השבים,רמות השבים,206,normalized_unique_name,1
רמות מאיר,רמות מאיר,735,normalized_unique_name,1
רמות מנשה,רמות מנשה,445,normalized_unique_name,1
רמות נפתלי,רמות נפתלי,372,normalized_unique_name,1
רמלה,רמלה,8500,normalized_unique_name,75
רמת אפעל,רמת אפעל,1049,normalized_unique_name,4
רמת גן,רמת גן,8600,normalized_unique_name,173
רמת דוד,רמת דוד,135,normalized_unique_name,1
רמת הכובש,רמת הכובש,184,normalized_unique_name,1
רמת השופט,רמת השופט,335,normalized_unique_name,1
רמת השרון,רמת השרון,2650,normalized_unique_name,47
רמת יוחנן,רמת יוחנן,178,normalized_unique_name,1
רמת ישי,רמת ישי,122,normalized_unique_name,7
רמת מגשימים,רמת מגשימים,4701,normalized_unique_name,1
רמת פנקס,רמת פנקס,883,normalized_unique_name,1
רמת צבי,רמת צבי,339,normalized_unique_name,1
רמת רזיאל,רמת רזיאל,460,normalized_unique_name,1
רמת רחל,רמת רחל,127,normalized_unique_name,1
רנן,רנן,789,normalized_unique_name,1
רעים,רעים,713,normalized_unique_name,1
רעננה,רעננה,8700,normalized_unique_name,88
רקפת,רקפת,1228,normalized_unique_name,1
רשפון,רשפון,247,normalized_unique_name,1
רשפים,רשפים,437,normalized_unique_name,1
שאר ישוב,שאר ישוב,324,normalized_unique_name,1
שבי ציון,שבי ציון,282,normalized_unique_name,1
שבי שומרון,שבי שומרון,3571,normalized_unique_name,1
שבלי - אום אל-גנם,שבלי-אום אל-גנם,913,normalized_unique_name,4
שגב,שגב,917,normalized_unique_name,1
שגב-שלום,שגב-שלום,1286,normalized_unique_name,3
שגור,שגור,516,normalized_unique_name,21
שדה אילן,שדה אילן,721,normalized_unique_name,1
שדה אליהו,שדה אליהו,304,normalized_unique_name,1
שדה אליעזר,שדה אליעזר,861,normalized_unique_name,1
שדה בוקר,שדה בוקר,885,normalized_unique_name,1
שדה דוד,שדה דוד,36,normalized_unique_name,1
שדה ורבורג,שדה ורבורג,284,normalized_unique_name,1
שדה יואב,שדה יואב,293,normalized_unique_name,1
שדה יעקב,שדה יעקב,142,normalized_unique_name,1
שדה יצחק,שדה יצחק,2008,normalized_unique_name,1
שדה משה,שדה משה,18,normalized_unique_name,1
שדה נחום,שדה נחום,259,normalized_unique_name,1
שדה נחמיה,שדה נחמיה,329,normalized_unique_name,1
שדה ניצן,שדה ניצן,1058,normalized_unique_name,1
שדה עוזיהו,שדה עוזיהו,739,normalized_unique_name,1
שדה צבי,שדה צבי,2049,normalized_unique_name,1
שדות ים,שדות ים,327,normalized_unique_name,1
שדות מיכה,שדות מיכה,27,normalized_unique_name,1
שדי אברהם,שדי אברהם,1223,normalized_unique_name,1
שדי חמד,שדי חמד,2015,normalized_unique_name,1
שדי תרומות,שדי תרומות,2057,normalized_unique_name,1
שדמה,שדמה,555,normalized_unique_name,1
שדמות דבורה,שדמות דבורה,306,normalized_unique_name,1
שדמות מחולה,שדמות מחולה,3578,normalized_unique_name,1
שדרות,שדרות,1031,normalized_unique_name,26
שואבה,שואבה,741,normalized_unique_name,1
שובה,שובה,761,normalized_unique_name,1
שובל,שובל,394,normalized_unique_name,1
שוהם,שוהם,1304,normalized_unique_name,16
שומרה,שומרה,614,normalized_unique_name,1
שוקדה,שוקדה,415,normalized_unique_name,1
שורש,שורש,456,normalized_unique_name,1
שורשים,שורשים,1235,normalized_unique_name,1
שושנת העמקים (רסק,שושנת העמקים רסק,224,normalized_unique_name,1
שזור,שזור,527,normalized_unique_name,1
שחר,שחר,7,normalized_unique_name,1
שיבולים,שיבולים,865,normalized_unique_name,1
שייח' דנון,שייח דנון,658,normalized_unique_name,2
שילה,שילה,3641,normalized_unique_name,2
שילת,שילת,1165,normalized_unique_name,1
שכניה,שכניה,1160,normalized_unique_name,1
שלווה,שלווה,873,normalized_unique_name,1
שלוחות,שלוחות,439,normalized_unique_name,1
שלומי,שלומי,812,normalized_unique_name,7
שמיר,שמיר,366,normalized_unique_name,1
שמעה,שמעה,3784,normalized_unique_name,1
שמרת,שמרת,432,normalized_unique_name,1
שמשית,שמשית,1337,normalized_unique_name,2
שני,שני,1287,normalized_unique_name,1
שניר,שניר,1132,normalized_unique_name,1
שעב,שעב,538,normalized_unique_name,5
שעל,שעל,4009,normalized_unique_name,1
שעלבים,שעלבים,856,normalized_unique_name,1
שער אפרים,שער אפרים,661,normalized_unique_name,1
שער הגולן,שער הגולן,264,normalized_unique_name,1
שער העמקים,שער העמקים,237,normalized_unique_name,1
שער מנשה,שער מנשה,921,normalized_unique_name,1
שערי תקווה,שערי תקווה,3720,normalized_unique_name,4
שפיים,שפיים,232,normalized_unique_name,1
שפיר,שפיר,692,normalized_unique_name,1
שפר,שפר,846,normalized_unique_name,1
שפרעם,שפרעם,8800,normalized_unique_name,26
שקד,שקד,3649,normalized_unique_name,1
שקף,שקף,1233,normalized_unique_name,1
שרונה,שרונה,292,normalized_unique_name,1
שריגים (לי-און),שריגים לי-און,1114,normalized_unique_name,1
שריד,שריד,126,normalized_unique_name,1
שרשרת,שרשרת,398,normalized_unique_name,1
שתולה,שתולה,1045,normalized_unique_name,1
שתולים,שתולים,763,normalized_unique_name,2
תאשור,תאשור,2062,normalized_unique_name,1
תדהר,תדהר,2061,normalized_unique_name,1
תובל,תובל,1172,normalized_unique_name,1
תומר,תומר,3558,normalized_unique_name,1
תושיה,תושיה,1083,normalized_unique_name,1
תימורים,תימורים,163,normalized_unique_name,1
תירוש,תירוש,10,normalized_unique_name,1
תל אביב - יפו,תל אביב-יפו,5000,normalized_unique_name,575
תל יוסף,תל יוסף,84,normalized_unique_name,1
תל יצחק,תל יצחק,287,normalized_unique_name,1
תל מונד,תל מונד,154,normalized_unique_name,9
תל עדשים,תל עדשים,103,normalized_unique_name,1
תל קציר,תל קציר,719,normalized_unique_name,1
תל שבע,תל שבע,1054,normalized_unique_name,9
תל תאומים,תל תאומים,1283,normalized_unique_name,1
תלם,תלם,3719,normalized_unique_name,1
תלמי אליהו,תלמי אליהו,1051,normalized_unique_name,1
תלמי אלעזר,תלמי אלעזר,2003,normalized_unique_name,1
"תלמי ביל""ו",תלמי ביל ו,2050,normalized_unique_name,1
תלמי יוסף,תלמי יוסף,1237,normalized_unique_name,1
תלמי יחיאל,תלמי יחיאל,727,normalized_unique_name,1
תלמי יפה,תלמי יפה,744,normalized_unique_name,1
תלמים,תלמים,814,normalized_unique_name,1
תמרת,תמרת,1244,normalized_unique_name,2
תנובות,תנובות,2002,normalized_unique_name,1
תעוז,תעוז,752,normalized_unique_name,1
תפרח,תפרח,709,normalized_unique_name,1
תקומה,תקומה,665,normalized_unique_name,1
תקוע,תקוע,3563,normalized_unique_name,2
תראבין א-צאנע (שב,תראבין א-צאנע שב,970,normalized_unique_name,1
תרום,תרום,778,normalized_unique_name,1
